"Fund Name","P1","P2","P3","P4","P5","Topsis Score","Rank"
"M1","0.62","0.38","6.7","58.7","16.6","0.3095650428740314","8.0"
"M2","0.93","0.86","5.5","47.9","13.8","0.47789459322342626","7.0"
"M3","0.62","0.38","3.2","65.9","17.53","0.5457084826830448","6.0"
"M4","0.76","0.58","3.4","38.4","10.79","0.6105851836222083","3.0"
"M5","0.74","0.55","3.1","56.4","15.2","0.615439533451935","1.0"
"M6","0.8","0.64","4.2","41.8","11.86","0.5718367697616554","5.0"
"M7","0.95","0.9","4.1","50.3","14.06","0.6114880274625425","2.0"
"M8","0.82","0.67","3.7","37.6","10.7","0.606215800332501","4.0"
